Unnamed: 0,id,state,guests,beds,property_type,n_reviews,rating,price,neighborhood,city
0,BF1406,Illinois,2,1,Apartment,55.0,96.0,48,Avondale,Chicago
1,DB7921,Massachusetts,4,1,Apartment,0.0,94.0,115,South End,Boston
2,OZ5857,Illinois,4,3,Apartment,51.0,99.0,150,Avondale,Chicago
3,HY8797,California,2,1,Apartment,4.0,74.0,125,SoMa,San Francisco
4,VN7858,Massachusetts,2,1,House,23.0,86.0,64,West Roxbury,Boston
5,PP4626,California,2,1,Apartment,211.0,92.0,129,Western Addition/NOPA,San Francisco
7,JO6059,Massachusetts,2,2,Apartment,15.0,96.0,158,Fenway/Kenmore,Boston
8,GU6250,California,2,1,Apartment,1.0,100.0,139,Mission District,San Francisco
9,QR1343,California,2,1,House,25.0,96.0,125,Cahuenga Pass,Los Angeles
10,FU1529,California,4,2,Apartment,3.0,79.0,100,Mission District,San Francisco
11,CR6461,Illinois,4,2,Apartment,6.0,87.0,149,South Loop/Printers Row,Chicago
12,YC3932,Illinois,2,1,Apartment,6.0,100.0,125,West Loop/Greektown,Chicago
14,MY4058,Massachusetts,2,1,Apartment,4.0,100.0,199,South Boston,Boston
15,MP5849,Massachusetts,4,2,Dorm,15.0,90.0,45,Allston-Brighton,Boston
16,ZE6530,California,8,4,Apartment,71.0,89.0,190,Mid-Wilshire,Los Angeles
17,KS2506,California,6,4,Apartment,59.0,99.0,192,Hollywood,Los Angeles
18,ZN5183,California,6,4,Loft,44.0,93.0,149,Bel Air/Beverly Crest,Los Angeles
19,KE2237,Massachusetts,11,8,Apartment,2.0,99.0,150,South Boston,Boston
20,BV5351,California,2,1,Apartment,16.0,95.0,100,Silver Lake,Los Angeles
21,QP7214,California,3,1,Apartment,12.0,96.0,133,Mid-Wilshire,Los Angeles
22,CO2790,California,6,3,Apartment,18.0,99.0,194,Westchester/Playa Del Rey,Los Angeles
23,UH4994,California,2,1,Apartment,2.0,98.0,119,Manhattan Beach,Los Angeles
24,GW5946,California,2,1,Apartment,78.0,96.0,119,West Hollywood,Los Angeles
25,PB4316,California,6,3,Apartment,56.0,87.0,109,Cow Hollow,San Francisco
26,GR2732,California,3,2,Apartment,16.0,94.0,139,Marina Del Rey,Los Angeles
27,NB3754,Illinois,3,2,Apartment,5.0,100.0,110,Bucktown,Chicago
28,XD7723,Massachusetts,3,2,House,138.0,95.0,144,Jamaica Plain,Boston
29,LI4710,Illinois,2,1,Apartment,27.0,95.0,74,Logan Square,Chicago
30,PZ7489,California,3,1,Apartment,9.0,92.0,100,Hollywood,Los Angeles
31,OD8936,California,1,1,House,163.0,96.0,79,Del Rey,Los Angeles
32,TM8328,California,2,1,House,37.0,94.0,59,Woodland Hills/Warner Center,Los Angeles
33,BT8735,California,8,4,Apartment,75.0,92.0,198,The Castro,San Francisco
34,LO1225,California,1,1,Apartment,57.0,99.0,95,Monterey Hills,Los Angeles
35,RE2319,California,2,2,Boat,76.0,91.0,138,Marina Del Rey,Los Angeles
36,XS1530,California,4,2,House,2.0,80.0,100,Inglewood,Los Angeles
37,BF2157,Massachusetts,2,1,Condominium,19.0,99.0,108,South Boston,Boston
38,EK9422,Massachusetts,2,1,Apartment,19.0,98.0,186,South Boston,Boston
39,II2045,Massachusetts,1,1,House,1.0,100.0,104,Dorchester,Boston
40,LM7744,California,4,3,House,2.0,90.0,190,Highland Park,Los Angeles
41,WK4519,Massachusetts,3,2,Condominium,7.0,89.0,149,Charlestown,Boston
42,JD6514,Illinois,4,1,Apartment,6.0,97.0,100,Lakeview,Chicago
44,JE7685,Massachusetts,2,1,Apartment,11.0,92.0,81,Allston-Brighton,Boston
45,EJ4370,California,4,3,Apartment,56.0,94.0,100,Gardena,Los Angeles
46,BK9521,California,1,1,Apartment,1.0,100.0,100,SoMa,San Francisco
47,HV4772,Illinois,2,1,Apartment,46.0,95.0,51,Boystown,Chicago
48,TX1098,California,4,2,House,3.0,99.0,109,Boyle Heights,Los Angeles
49,OO8811,Massachusetts,3,1,Condominium,28.0,88.0,199,South Boston,Boston
50,AD3737,California,3,1,Apartment,1.0,99.0,76,West Los Angeles,Los Angeles
51,CM1969,California,4,1,Bungalow,8.0,100.0,149,Cahuenga Pass,Los Angeles
52,RE1634,Massachusetts,6,3,Apartment,18.0,100.0,175,Beacon Hill,Boston
53,HI6080,Massachusetts,2,1,Apartment,14.0,95.0,125,South End,Boston
54,WW9801,California,2,1,Condominium,4.0,94.0,108,Haight-Ashbury,San Francisco
55,ZD8903,Massachusetts,2,1,Townhouse,58.0,96.0,150,South End,Boston
56,XN5680,California,2,1,House,13.0,99.0,100,Pacific Palisades,Los Angeles
57,MS9589,California,2,1,Apartment,1.0,97.0,55,Highland Park,Los Angeles
58,MN6641,Massachusetts,1,1,House,32.0,96.0,64,Allston-Brighton,Boston
59,XQ3633,California,2,1,Apartment,65.0,93.0,119,Silver Lake,Los Angeles
60,EN3555,California,3,1,Apartment,159.0,94.0,125,Hollywood,Los Angeles
61,VL1835,California,4,2,Apartment,36.0,86.0,85,South LA,Los Angeles
62,EO5829,Massachusetts,3,1,Apartment,55.0,97.0,102,Theater District,Boston
63,BM7841,Illinois,2,1,Apartment,84.0,99.0,125,Wicker Park,Chicago
64,MW5232,California,1,1,Apartment,2.0,100.0,128,Torrance,Los Angeles
65,ZX5129,California,2,1,Condominium,8.0,97.0,104,Twin Peaks,San Francisco
66,GI1412,Massachusetts,2,1,Apartment,1.0,99.0,100,Jamaica Plain,Boston
67,AV5165,California,2,1,House,18.0,92.0,54,West Hills,Los Angeles
68,PR8803,Illinois,6,3,Condominium,43.0,95.0,158,South Loop/Printers Row,Chicago
69,EE3023,Illinois,2,1,Apartment,15.0,100.0,119,South Loop/Printers Row,Chicago
70,DJ5169,California,2,1,Apartment,96.0,95.0,79,Santa Monica,Los Angeles
71,EL2829,Illinois,2,1,Apartment,5.0,91.0,125,Lakeview,Chicago
72,HN9958,Massachusetts,1,1,Apartment,3.0,99.0,74,East Boston,Boston
73,YH5432,California,5,4,Apartment,136.0,95.0,149,Westlake,Los Angeles
74,PK7377,California,3,1,Apartment,32.0,92.0,111,Mid-Wilshire,Los Angeles
75,HD7298,Illinois,2,1,Apartment,72.0,94.0,59,Avondale,Chicago
76,ZG9806,Illinois,4,2,Apartment,57.0,98.0,150,Bucktown,Chicago
77,XU7723,Illinois,7,4,Apartment,22.0,98.0,179,Ukrainian Village,Chicago
78,LQ3804,Illinois,4,3,Apartment,47.0,95.0,110,Bronzeville,Chicago
79,DN1649,California,5,2,Apartment,4.0,100.0,199,Lakeshore,San Francisco
80,GB7783,California,2,1,Apartment,103.0,96.0,100,West Hollywood,Los Angeles
81,KQ8906,California,2,1,Apartment,40.0,94.0,119,Nob Hill,San Francisco
82,ZN9465,California,1,1,Apartment,54.0,97.0,101,Venice,Los Angeles
83,TM5494,California,2,1,Apartment,102.0,91.0,169,Haight-Ashbury,San Francisco
84,PM6836,Illinois,1,1,Hostel,2.0,80.0,59,River North,Chicago
85,MS3857,California,4,1,Boutique hotel,13.0,97.0,150,Western Addition/NOPA,San Francisco
86,UE6349,California,2,1,Bungalow,29.0,99.0,88,Cahuenga Pass,Los Angeles
87,YH6654,California,1,1,House,13.0,91.0,59,Bayview,San Francisco
88,GB3993,Massachusetts,3,1,Condominium,13.0,98.0,193,Charlestown,Boston
89,MG6193,Massachusetts,2,1,Apartment,3.0,87.0,104,Roxbury,Boston
90,AN3249,Massachusetts,2,1,Apartment,143.0,97.0,160,Beacon Hill,Boston
92,SN8144,Illinois,2,2,House,21.0,100.0,95,Lakeview,Chicago
93,KS3356,Massachusetts,2,1,Apartment,28.0,92.0,128,South End,Boston
94,VU7574,Illinois,2,1,Apartment,3.0,99.0,110,Woodlawn,Chicago
95,HY1891,California,2,1,House,1.0,100.0,119,Mar Vista,Los Angeles
96,CJ7504,California,2,1,House,31.0,90.0,100,Venice,Los Angeles
97,FL9236,Massachusetts,2,1,Townhouse,11.0,97.0,129,South Boston,Boston
98,OB3204,California,4,2,Apartment,19.0,95.0,125,Hollywood,Los Angeles
99,NN7434,Massachusetts,3,1,Apartment,37.0,96.0,139,East Boston,Boston
100,TT2718,California,4,2,Bungalow,8.0,90.0,139,Santa Monica,Los Angeles
101,GH2308,California,1,1,Guesthouse,18.0,90.0,139,Excelsior,San Francisco
102,LI9023,California,2,1,Bungalow,9.0,97.0,125,Mar Vista,Los Angeles
103,DG3042,Massachusetts,4,2,House,11.0,99.0,62,Dorchester,Boston
104,IR7191,California,2,1,Apartment,9.0,95.0,74,Hollywood,Los Angeles
105,JF4280,California,4,2,Apartment,6.0,93.0,198,Western Addition/NOPA,San Francisco
106,SE5568,Massachusetts,7,3,Apartment,92.0,94.0,199,South End,Boston
107,EA9738,Illinois,2,1,House,13.0,98.0,55,Albany Park,Chicago
108,PE3784,California,3,1,Apartment,12.0,97.0,76,Westside,Los Angeles
109,OV1112,Illinois,4,2,House,1.0,98.0,88,South Shore,Chicago
110,TR4377,Massachusetts,2,1,Apartment,1.0,78.0,160,North End,Boston
111,XM5115,Illinois,1,1,Apartment,3.0,40.0,59,Rogers Park,Chicago
112,QF6008,Massachusetts,3,1,Apartment,5.0,92.0,160,South End,Boston
113,TY9617,California,2,1,Apartment,20.0,92.0,125,Mar Vista,Los Angeles
114,KB6304,Massachusetts,2,1,House,133.0,90.0,144,South End,Boston
115,UY6011,Massachusetts,4,3,Condominium,17.0,92.0,122,Hyde Park,Boston
116,WU4209,Illinois,14,1,House,10.0,91.0,55,Logan Square,Chicago
117,MZ1922,Illinois,4,2,Apartment,31.0,92.0,175,Near North Side,Chicago
118,SG1703,Massachusetts,2,1,Apartment,1.0,98.0,175,North End,Boston
119,PB4847,California,5,2,Apartment,42.0,95.0,198,Venice,Los Angeles
120,ZL2408,Illinois,2,1,Apartment,391.0,93.0,98,Lakeview,Chicago
121,TZ4276,California,2,1,Apartment,3.0,100.0,110,Echo Park,Los Angeles
122,DQ8676,California,2,1,House,75.0,100.0,119,Bernal Heights,San Francisco
123,AC6468,Massachusetts,5,2,Apartment,36.0,91.0,100,Back Bay,Boston
124,XR4748,Illinois,4,2,Apartment,8.0,94.0,139,Loop,Chicago
125,DY4961,California,6,3,Apartment,38.0,91.0,159,West Hollywood,Los Angeles
126,CF8725,Massachusetts,2,1,Apartment,12.0,96.0,74,East Boston,Boston
127,MB7199,Illinois,2,1,Apartment,0.0,94.0,74,Rogers Park,Chicago
128,LX2401,Massachusetts,6,3,Condominium,4.0,95.0,144,South Boston,Boston
129,QL4135,Illinois,2,1,House,110.0,95.0,92,Old Town,Chicago
130,EB7367,Illinois,4,2,Apartment,15.0,94.0,125,Lakeview,Chicago
131,LR4590,Massachusetts,5,2,Apartment,3.0,86.0,179,Fenway/Kenmore,Boston
132,GJ4660,California,2,1,Apartment,280.0,97.0,155,Outer Sunset,San Francisco
133,NC6876,Massachusetts,8,6,Apartment,3.0,100.0,199,Dorchester,Boston
134,XE4176,California,1,1,Apartment,6.0,96.0,100,Hollywood Hills,Los Angeles
135,RZ1708,Illinois,4,3,Apartment,1.0,97.0,199,Logan Square,Chicago
136,EK3067,Illinois,6,3,Apartment,67.0,92.0,70,Humboldt Park,Chicago
137,HS7387,Illinois,4,2,Apartment,3.0,93.0,100,Logan Square,Chicago
138,RI9220,Massachusetts,2,1,Apartment,65.0,97.0,139,Beacon Hill,Boston
139,LT7851,California,4,1,Apartment,13.0,97.0,125,Westlake,Los Angeles
140,AF2380,California,1,1,House,31.0,97.0,79,Mission Terrace,San Francisco
141,LD1958,Massachusetts,4,2,Apartment,6.0,86.0,100,Fenway/Kenmore,Boston
142,CZ2702,Massachusetts,4,2,Apartment,37.0,96.0,139,East Boston,Boston
143,LL9110,Massachusetts,2,1,Apartment,2.0,89.0,52,Allston-Brighton,Boston
144,DJ8141,Illinois,4,1,Apartment,14.0,93.0,125,South Loop/Printers Row,Chicago
145,IN3401,Illinois,3,2,Apartment,65.0,87.0,115,Near North Side,Chicago
146,PF1833,California,2,1,Apartment,36.0,94.0,95,Long Beach,Los Angeles
147,PV2184,Illinois,6,4,Apartment,61.0,89.0,119,Wicker Park,Chicago
148,II7665,Massachusetts,6,3,Apartment,192.0,97.0,199,South Boston,Boston
149,MV2473,Illinois,2,1,Condominium,7.0,100.0,125,Boystown,Chicago
150,ZI2777,Massachusetts,3,2,House,78.0,96.0,104,Allston-Brighton,Boston
151,CU5639,Illinois,2,1,House,96.0,95.0,100,North Center,Chicago
152,IX6101,Illinois,4,2,Apartment,5.0,100.0,150,Near North Side,Chicago
153,SE4058,California,5,2,Apartment,25.0,96.0,144,Del Rey,Los Angeles
154,UA9650,Illinois,2,1,House,23.0,96.0,45,Woodlawn,Chicago
155,XM5456,Illinois,6,3,Apartment,31.0,97.0,150,Andersonville,Chicago
156,PW6513,California,2,1,Apartment,39.0,98.0,129,Cole Valley,San Francisco
157,VQ2138,Massachusetts,5,3,Apartment,5.0,60.0,137,North End,Boston
158,WT1200,Illinois,5,2,Apartment,53.0,93.0,129,Logan Square,Chicago
159,YB4677,Massachusetts,5,3,Apartment,8.0,89.0,146,North End,Boston
160,ND6442,California,2,1,Apartment,12.0,92.0,95,Hollywood,Los Angeles
161,RK6522,Massachusetts,5,2,Apartment,11.0,93.0,103,Dorchester,Boston
162,UH2394,Illinois,3,1,Apartment,89.0,92.0,104,Gold Coast,Chicago
163,VA3751,California,2,1,Apartment,19.0,99.0,119,Western Addition/NOPA,San Francisco
164,BT6049,Illinois,8,4,Other,45.0,96.0,89,Bronzeville,Chicago
165,SJ1414,California,2,1,Condominium,1.0,78.0,104,West Los Angeles,Los Angeles
166,BO4490,Illinois,2,1,House,14.0,96.0,109,South Shore,Chicago
167,XT1739,California,2,1,House,117.0,94.0,72,Mar Vista,Los Angeles
168,VM6192,Illinois,2,1,Condominium,9.0,91.0,54,Uptown,Chicago
169,MP6290,California,7,4,House,42.0,97.0,195,Mid-Wilshire,Los Angeles
170,DA5856,Massachusetts,2,1,Apartment,15.0,97.0,114,Back Bay,Boston
171,HZ7759,Massachusetts,4,1,Bed & Breakfast,188.0,84.0,62,Roxbury,Boston
172,SG6357,Illinois,5,3,Apartment,73.0,93.0,104,Pilsen,Chicago
173,UT6002,Massachusetts,4,2,Apartment,8.0,83.0,128,Downtown Crossing,Boston
174,MI1608,Massachusetts,2,1,House,7.0,96.0,119,Allston-Brighton,Boston
175,DJ9326,Illinois,6,3,Apartment,29.0,94.0,129,Bridgeport,Chicago
176,BC7046,California,6,2,House,14.0,92.0,139,South LA,Los Angeles
177,SE1913,California,2,1,House,66.0,92.0,65,Mid-Wilshire,Los Angeles
178,CS2644,Massachusetts,5,3,Apartment,2.0,100.0,100,South Boston,Boston
179,RW6893,Illinois,2,1,Townhouse,1.0,100.0,125,Wicker Park,Chicago
180,ND1442,California,4,2,Apartment,5.0,100.0,184,Studio City,Los Angeles
181,RE8107,California,2,1,Condominium,9.0,93.0,119,Downtown,Los Angeles
182,RX9149,California,2,1,Apartment,16.0,96.0,115,Westwood,Los Angeles
183,IM4423,California,2,1,Condominium,24.0,97.0,164,Mission District,San Francisco
184,HH9732,California,4,2,Loft,22.0,95.0,100,Long Beach,Los Angeles
185,TY3477,California,2,1,Apartment,3.0,80.0,69,Mid-Wilshire,Los Angeles
186,RT6472,Illinois,6,2,Loft,12.0,98.0,144,Bronzeville,Chicago
187,KS3394,Illinois,6,3,Apartment,8.0,89.0,139,Bridgeport,Chicago
188,MT6046,California,6,2,Apartment,29.0,92.0,128,Inglewood,Los Angeles
189,DE6323,Illinois,2,1,Condominium,0.0,94.0,79,South Loop/Printers Row,Chicago
190,PZ8424,Illinois,2,1,Apartment,19.0,97.0,160,Printers Row,Chicago
191,NE7428,Illinois,2,1,Townhouse,25.0,97.0,104,Logan Square,Chicago
192,ML1479,Massachusetts,2,1,Apartment,16.0,82.0,144,South End,Boston
193,VN6904,California,2,1,House,14.0,83.0,98,Glendale,Los Angeles
194,DS2247,Illinois,2,1,Townhouse,8.0,87.0,69,Kenwood,Chicago
195,PT7502,California,2,1,Apartment,69.0,90.0,139,West Hollywood,Los Angeles
196,HB5515,Illinois,3,2,House,19.0,87.0,59,Humboldt Park,Chicago
197,JB3386,Illinois,4,2,Apartment,19.0,99.0,128,Humboldt Park,Chicago
198,UH6944,California,2,1,Apartment,119.0,87.0,108,Cow Hollow,San Francisco
199,JS7518,California,2,1,House,13.0,97.0,46,Burbank,Los Angeles
200,CJ2022,California,3,2,Condominium,59.0,98.0,169,Westwood,Los Angeles
202,QO2932,California,2,1,House,39.0,96.0,125,Echo Park,Los Angeles
203,VJ4273,Illinois,4,2,Apartment,79.0,97.0,110,South Loop/Printers Row,Chicago
204,BP2305,California,2,1,Apartment,1.0,100.0,150,Altadena,Los Angeles
205,SG3664,California,2,1,Condominium,5.0,95.0,100,Long Beach,Los Angeles
206,ME5527,Illinois,2,1,House,0.0,94.0,52,Garfield Park,Chicago
207,CB6890,California,4,2,Apartment,2.0,97.0,119,Venice,Los Angeles
208,PL4100,California,4,1,Apartment,4.0,94.0,129,Venice,Los Angeles
209,CV1763,California,2,1,Apartment,3.0,90.0,110,Pasadena,Los Angeles
210,SE5137,Massachusetts,2,1,Apartment,26.0,98.0,119,Downtown Crossing,Boston
211,MG7647,Massachusetts,2,1,Condominium,1.0,99.0,139,Beacon Hill,Boston
212,DJ5793,California,2,1,House,173.0,99.0,133,Potrero Hill,San Francisco
213,VT8773,California,1,1,Apartment,3.0,87.0,48,Brentwood,Los Angeles
214,LR8902,Massachusetts,2,1,Apartment,3.0,87.0,103,Back Bay,Boston
215,ZK9223,Massachusetts,3,1,Apartment,3.0,86.0,119,Jamaica Plain,Boston
216,JL2317,California,2,1,Apartment,3.0,100.0,100,Echo Park,Los Angeles
217,DN8721,Massachusetts,4,1,Apartment,1.0,60.0,198,West End,Boston
218,UI9238,California,3,2,Apartment,208.0,85.0,128,Hollywood,Los Angeles
219,WK1781,Massachusetts,4,2,Condominium,4.0,100.0,110,Dorchester,Boston
220,EQ6390,Illinois,2,2,Townhouse,48.0,94.0,125,Bucktown,Chicago
221,HM2399,California,2,1,Apartment,16.0,94.0,98,Venice,Los Angeles
222,CV7210,Massachusetts,4,2,Apartment,2.0,98.0,119,Allston-Brighton,Boston
223,FJ2698,California,3,2,House,183.0,94.0,98,Venice,Los Angeles
224,GF1215,Massachusetts,2,2,House,1.0,100.0,150,Dorchester,Boston
225,JF3950,Illinois,3,1,House,23.0,96.0,100,Old Town,Chicago
226,RZ4327,California,6,3,House,84.0,96.0,149,South Pasadena,Los Angeles
227,QN4696,Illinois,2,1,House,3.0,99.0,59,Uptown,Chicago
228,IV4223,Illinois,2,1,Apartment,19.0,91.0,45,Pilsen,Chicago
229,OM2994,Massachusetts,2,1,Townhouse,55.0,98.0,160,South End,Boston
230,ZW1503,California,4,2,Apartment,209.0,86.0,149,Hollywood,Los Angeles
231,HA6843,California,4,2,Apartment,64.0,95.0,119,Hollywood,Los Angeles
232,VB5165,California,2,1,Apartment,36.0,96.0,129,Silver Lake,Los Angeles
233,GP6325,Massachusetts,4,2,Apartment,2.0,100.0,110,Allston-Brighton,Boston
234,MK5242,Illinois,9,1,Apartment,6.0,99.0,169,Lakeview,Chicago
235,OL6123,California,3,2,Townhouse,10.0,94.0,44,San Pedro,Los Angeles
236,JN7997,Illinois,3,1,Condominium,4.0,99.0,68,Lincoln Park,Chicago
237,PI9997,Illinois,2,1,Condominium,1.0,100.0,125,Uptown,Chicago
238,AH2023,California,2,1,Condominium,49.0,95.0,79,Balboa Terrace,San Francisco
239,JM9781,California,4,2,House,12.0,96.0,175,Bernal Heights,San Francisco
240,HH9751,California,3,2,Apartment,1.0,99.0,175,West Los Angeles,Los Angeles
241,IM7986,Massachusetts,5,2,Apartment,2.0,80.0,189,Fenway/Kenmore,Boston
242,AE1047,Illinois,4,2,Apartment,5.0,99.0,98,Lakeview,Chicago
243,JF5055,Massachusetts,8,3,Apartment,64.0,87.0,160,Back Bay,Boston
244,EE9152,California,2,1,Apartment,6.0,92.0,115,Mission District,San Francisco
245,TF1806,Massachusetts,2,1,Apartment,3.0,99.0,146,Downtown Crossing,Boston
246,GV6381,California,2,1,House,1.0,99.0,69,Mission District,San Francisco
247,FQ4571,California,2,1,Apartment,1.0,99.0,100,Richmond District,San Francisco
248,XX1793,Massachusetts,4,2,Apartment,8.0,95.0,166,Roxbury,Boston
249,OS7637,California,4,1,House,36.0,84.0,115,Outer Sunset,San Francisco
250,MM9566,Massachusetts,2,2,Bed & Breakfast,35.0,98.0,100,Dorchester,Boston
251,IT3003,California,3,2,Dorm,86.0,84.0,68,Bayview,San Francisco
252,HI2403,Illinois,4,1,Apartment,1.0,98.0,102,Loop,Chicago
253,LL1468,California,1,1,Condominium,70.0,96.0,68,Santa Monica,Los Angeles
254,TR7503,California,5,2,Guesthouse,1.0,99.0,135,Burbank,Los Angeles
255,QU8730,California,2,1,House,12.0,98.0,89,Echo Park,Los Angeles
256,UH5900,Massachusetts,4,2,Apartment,3.0,65.0,139,Theater District,Boston
257,SI6519,California,2,2,Apartment,1.0,98.0,150,Nob Hill,San Francisco
258,GV1676,California,2,1,Apartment,36.0,96.0,111,Richmond District,San Francisco
259,IJ8406,Illinois,6,3,Apartment,3.0,93.0,125,Woodlawn,Chicago
260,AW2349,California,3,1,Guesthouse,1.0,99.0,110,Mid-Wilshire,Los Angeles
261,WH3728,Massachusetts,2,1,Apartment,6.0,100.0,70,Mission Hill,Boston
262,QT5901,California,3,1,Apartment,14.0,90.0,149,Silver Lake,Los Angeles
263,LI1696,California,4,1,House,7.0,88.0,88,Glendale,Los Angeles
264,JM6756,Massachusetts,4,2,Apartment,7.0,92.0,110,South Boston,Boston
265,KD9502,Illinois,7,4,Apartment,15.0,94.0,199,Ukrainian Village,Chicago
266,ZO3261,Massachusetts,3,1,Apartment,1.0,99.0,126,Mission Hill,Boston
267,EK1141,Massachusetts,2,1,Apartment,38.0,99.0,146,South End,Boston
268,OY4425,California,2,1,Apartment,1.0,98.0,100,Mid-Wilshire,Los Angeles
269,ML9227,Massachusetts,2,1,Condominium,40.0,94.0,108,South Boston,Boston
270,JK5659,California,9,4,House,84.0,97.0,159,Glendale,Los Angeles
271,RY3631,Massachusetts,2,1,Apartment,48.0,86.0,128,Back Bay,Boston
272,RM9271,Illinois,2,1,Apartment,0.0,94.0,64,Lincoln Park,Chicago
274,EO2198,Illinois,2,1,Apartment,4.0,98.0,115,South Loop/Printers Row,Chicago
275,TA9777,California,2,1,Condominium,0.0,94.0,115,Pacific Heights,San Francisco
276,CR8023,California,6,3,Apartment,31.0,95.0,122,Hollywood,Los Angeles
277,CP5861,Massachusetts,2,1,Apartment,22.0,99.0,132,Jamaica Plain,Boston
278,FK9919,California,2,1,Apartment,7.0,100.0,115,Marina,San Francisco
279,RP1043,California,2,1,Apartment,67.0,93.0,79,Hollywood,Los Angeles
280,GX4621,California,2,1,Apartment,1.0,99.0,100,Venice,Los Angeles
281,CP8501,California,3,3,Apartment,120.0,97.0,133,Downtown,Los Angeles
282,TM7390,California,4,3,Apartment,110.0,91.0,175,Venice,Los Angeles
283,CR4604,Illinois,2,1,Apartment,24.0,83.0,71,Uptown,Chicago
284,DU8140,Massachusetts,2,1,Apartment,5.0,98.0,89,Allston-Brighton,Boston
285,BJ1202,Massachusetts,2,1,Apartment,34.0,95.0,188,Beacon Hill,Boston
286,RO9410,Massachusetts,4,2,House,83.0,97.0,70,West Roxbury,Boston
287,GW1560,California,1,1,Apartment,4.0,95.0,62,Sherman Oaks,Los Angeles
288,DY9599,California,4,4,House,11.0,96.0,156,Mount Washington,Los Angeles
289,FC3287,California,2,1,Apartment,54.0,95.0,88,Mount Washington,Los Angeles
290,SK9468,California,8,2,Apartment,24.0,92.0,198,Glendale,Los Angeles
291,KW6361,Illinois,2,1,Apartment,6.0,97.0,110,Hyde Park,Chicago
292,YX4772,California,4,2,Apartment,8.0,95.0,98,Long Beach,Los Angeles
293,ZE9015,California,4,2,Apartment,8.0,83.0,128,Sherman Oaks,Los Angeles
294,NN9839,California,2,1,House,168.0,96.0,102,Noe Valley,San Francisco
295,PC8454,Massachusetts,3,1,Apartment,1.0,99.0,139,Chinatown,Boston
296,YR2785,California,1,1,House,64.0,92.0,59,Sunnyside,San Francisco
297,WI3157,California,2,1,Apartment,20.0,99.0,59,Mid-Wilshire,Los Angeles
298,GM8134,California,2,1,Apartment,50.0,94.0,127,Richmond District,San Francisco
299,JX5744,Massachusetts,3,3,Apartment,1.0,100.0,119,Mattapan,Boston
300,EP9104,Massachusetts,2,1,Apartment,1.0,80.0,199,South End,Boston
301,ND9862,Massachusetts,2,1,Apartment,156.0,90.0,79,East Boston,Boston
302,RS3911,Illinois,2,1,Loft,34.0,92.0,50,Wicker Park,Chicago
303,UP4930,California,1,1,House,20.0,91.0,110,Granada Hills North,Los Angeles
304,QM3188,California,2,1,House,115.0,96.0,144,Bayview,San Francisco
305,HW7185,California,4,1,Yurt,60.0,94.0,100,Topanga,Los Angeles
306,WL7882,Massachusetts,2,1,Apartment,8.0,96.0,100,Beacon Hill,Boston
307,EI7807,California,2,1,Apartment,3.0,100.0,110,Atwater Village,Los Angeles
308,CG3641,California,3,1,Apartment,6.0,93.0,136,Lower Haight,San Francisco
309,KS9652,Massachusetts,2,1,Apartment,7.0,90.0,139,Dorchester,Boston
310,EV6409,Massachusetts,4,2,Apartment,23.0,87.0,119,Downtown Crossing,Boston
311,YG1645,California,2,1,House,99.0,94.0,102,Bernal Heights,San Francisco
312,JR8380,Massachusetts,2,1,Apartment,54.0,95.0,139,Fenway/Kenmore,Boston
313,HD3172,Massachusetts,6,3,Condominium,113.0,84.0,98,South Boston,Boston
314,WP4629,California,2,1,Apartment,5.0,100.0,59,Mission District,San Francisco
315,EB8977,Massachusetts,2,1,Other,9.0,94.0,79,Dorchester,Boston
316,ZZ3541,California,2,1,House,10.0,97.0,110,Hollywood Hills,Los Angeles
317,SS7185,Illinois,5,4,House,13.0,100.0,199,Logan Square,Chicago
318,BO4312,Illinois,6,3,House,13.0,95.0,115,Avondale,Chicago
319,TM9496,California,2,1,House,1.0,100.0,85,Manhattan Beach,Los Angeles
320,DL1617,Massachusetts,2,1,Apartment,8.0,98.0,199,South End,Boston
321,YB4133,California,2,1,Apartment,73.0,93.0,119,Mid-Wilshire,Los Angeles
322,TK4547,California,2,1,Apartment,1.0,99.0,128,South Robertson,Los Angeles
323,CA9876,Illinois,2,1,Townhouse,16.0,98.0,50,Lincoln Park,Chicago
324,RN9040,Massachusetts,6,3,Apartment,19.0,92.0,128,Allston-Brighton,Boston
325,XH5916,Illinois,4,3,Apartment,15.0,94.0,110,Old Town,Chicago
326,AI9144,Illinois,3,1,Condominium,18.0,91.0,79,Wicker Park,Chicago
327,PB8364,Illinois,4,2,Apartment,27.0,93.0,128,Avondale,Chicago
328,VZ4708,Illinois,5,2,Apartment,15.0,97.0,98,Uptown,Chicago
329,JX9493,Illinois,5,3,Apartment,62.0,96.0,117,Wrigleyville,Chicago
330,IE3686,California,4,1,House,91.0,94.0,115,West Hollywood,Los Angeles
331,OM9750,Massachusetts,2,1,Condominium,24.0,97.0,125,Jamaica Plain,Boston
332,SF2670,Massachusetts,2,2,Apartment,17.0,99.0,129,Charlestown,Boston
333,HI1188,Massachusetts,1,1,Apartment,1.0,98.0,44,East Boston,Boston
334,FU7444,California,5,3,Apartment,27.0,98.0,142,West Hollywood,Los Angeles
335,IK7247,California,3,1,Apartment,7.0,100.0,74,North Hollywood,Los Angeles
336,MA6134,Massachusetts,2,1,Condominium,4.0,99.0,129,Beacon Hill,Boston
337,FD4623,Massachusetts,4,2,Apartment,2.0,100.0,150,Roxbury,Boston
338,CK7306,Massachusetts,2,1,Townhouse,5.0,100.0,50,Jamaica Plain,Boston
339,CT6532,California,2,1,Apartment,85.0,92.0,98,Downtown,Los Angeles
340,FD6339,California,1,1,Apartment,1.0,99.0,50,South LA,Los Angeles
341,FJ4933,Massachusetts,1,1,Apartment,16.0,96.0,88,South End,Boston
342,NG8460,California,4,2,Apartment,12.0,96.0,100,Westchester/Playa Del Rey,Los Angeles
343,WI3419,California,5,2,Apartment,35.0,95.0,156,Marina Del Rey,Los Angeles
344,AJ2843,California,2,2,House,106.0,98.0,104,Hollywood,Los Angeles
345,FF5694,Massachusetts,2,1,Apartment,95.0,97.0,133,South End,Boston
346,YE9806,California,4,3,Apartment,16.0,98.0,142,Culver City,Los Angeles
347,DS3567,Massachusetts,2,1,Apartment,6.0,93.0,139,Beacon Hill,Boston
348,EK7925,Massachusetts,6,4,Apartment,25.0,95.0,129,Allston-Brighton,Boston
349,AT1142,California,2,1,Apartment,1.0,100.0,150,Toluca Lake,Los Angeles
350,FN9174,Massachusetts,2,1,House,1.0,79.0,135,Jamaica Plain,Boston
351,GN3830,Illinois,2,1,Apartment,55.0,96.0,149,River North,Chicago
352,OZ8477,California,2,1,House,62.0,92.0,100,Mar Vista,Los Angeles
353,XA7732,Illinois,6,3,Apartment,14.0,92.0,74,Norwood Park,Chicago
354,OX2048,Illinois,7,2,Townhouse,2.0,97.0,129,Oakland,Chicago
355,DR4298,Massachusetts,4,2,Apartment,90.0,88.0,166,Roxbury,Boston
356,NH9166,California,6,4,Apartment,135.0,97.0,115,Mount Washington,Los Angeles
357,PJ6577,Massachusetts,2,1,Apartment,7.0,91.0,175,South Boston,Boston
358,QG6830,Massachusetts,4,2,Apartment,2.0,79.0,109,Theater District,Boston
359,ZT2269,Massachusetts,4,2,Apartment,55.0,94.0,119,Back Bay,Boston
360,TY9267,Massachusetts,6,3,House,21.0,92.0,104,Roslindale,Boston
361,AU1265,California,2,1,Apartment,3.0,93.0,79,Hollywood Hills,Los Angeles
362,BG5317,Massachusetts,2,1,Apartment,11.0,91.0,150,South End,Boston
363,RI3418,Massachusetts,5,2,Apartment,1.0,100.0,179,Chinatown,Boston
364,HB9667,Massachusetts,2,1,Bed & Breakfast,12.0,93.0,70,Jamaica Plain,Boston
365,RQ4366,California,2,1,Loft,30.0,93.0,146,Mission District,San Francisco
366,LP6045,Illinois,2,1,Apartment,0.0,94.0,115,Loop,Chicago
367,AH3876,Massachusetts,1,1,Apartment,18.0,87.0,79,Dorchester,Boston
368,HH1056,Illinois,2,2,Loft,6.0,86.0,125,Loop,Chicago
369,ET3593,California,2,1,Apartment,1.0,100.0,144,Silver Lake,Los Angeles
370,IW3658,Illinois,2,1,Apartment,95.0,94.0,85,Logan Square,Chicago
371,BG4878,Massachusetts,2,2,Apartment,28.0,94.0,55,Dorchester,Boston
372,ZP8116,Massachusetts,3,2,Apartment,79.0,95.0,169,Back Bay,Boston
373,KS6741,California,2,1,Apartment,69.0,94.0,104,Mission District,San Francisco
374,HN4426,California,2,1,House,5.0,97.0,119,Outer Sunset,San Francisco
375,YD3671,California,2,1,Apartment,2.0,89.0,59,Mission District,San Francisco
376,SO6823,California,6,3,Apartment,21.0,97.0,133,Hollywood,Los Angeles
377,FK3103,Illinois,4,2,Apartment,2.0,89.0,106,Lakeview,Chicago
378,XD4513,California,4,3,House,54.0,97.0,106,Hollywood Hills,Los Angeles
379,LH7436,California,2,1,Guesthouse,145.0,96.0,124,Long Beach,Los Angeles
380,CE8316,Illinois,4,2,Apartment,21.0,97.0,100,Logan Square,Chicago
381,GX4786,California,2,1,House,33.0,96.0,59,South LA,Los Angeles
382,YL5932,California,6,3,House,19.0,98.0,154,Monrovia,Los Angeles
383,GW8309,Illinois,2,1,House,40.0,98.0,102,Lincoln Square,Chicago
384,VH5680,Illinois,6,4,Apartment,17.0,97.0,71,West Ridge,Chicago
385,LJ1820,California,4,2,House,1.0,98.0,74,Reseda,Los Angeles
386,QX3144,California,2,1,House,66.0,96.0,150,Los Feliz,Los Angeles
387,XB4942,California,4,2,House,5.0,87.0,74,Eagle Rock,Los Angeles
388,HW9138,Illinois,4,2,Apartment,78.0,97.0,179,Lincoln Square,Chicago
389,PN7000,California,1,1,Apartment,9.0,89.0,119,Hollywood,Los Angeles
390,UM8992,Massachusetts,2,1,House,2.0,60.0,69,West Roxbury,Boston
391,QE6578,California,5,3,House,69.0,96.0,85,Mid-Wilshire,Los Angeles
392,QQ4639,California,4,1,Apartment,5.0,92.0,97,Westside,Los Angeles
393,DK4026,Illinois,4,1,Apartment,7.0,94.0,139,Bucktown,Chicago
394,PM8220,California,2,1,Apartment,54.0,97.0,87,Manhattan Beach,Los Angeles
395,QB8397,California,2,1,Bungalow,56.0,97.0,100,Mid-Wilshire,Los Angeles
396,SN2126,Illinois,5,3,Apartment,37.0,90.0,152,Uptown,Chicago
397,FX4972,California,4,2,Apartment,43.0,95.0,125,Pasadena,Los Angeles
398,FG2345,California,2,1,Apartment,62.0,93.0,64,Mid-Wilshire,Los Angeles
399,BN1735,Massachusetts,5,2,Apartment,21.0,96.0,129,Hyde Park,Boston
400,XC8756,Massachusetts,5,3,Apartment,20.0,90.0,190,Allston-Brighton,Boston
401,ER8369,Illinois,3,1,Apartment,15.0,93.0,104,Wicker Park,Chicago
402,NY4655,California,3,2,Bed & Breakfast,3.0,78.0,100,Glendale,Los Angeles
403,XO3802,California,2,1,Apartment,12.0,98.0,121,Westlake,Los Angeles
404,KT8446,Illinois,5,2,House,80.0,91.0,85,Logan Square,Chicago
405,DG2424,California,4,2,Condominium,4.0,90.0,115,Long Beach,Los Angeles
406,PV1113,Illinois,2,1,Apartment,53.0,94.0,64,Logan Square,Chicago
407,EA3168,California,6,4,Apartment,10.0,71.0,139,East Hollywood,Los Angeles
408,CA1963,Massachusetts,2,1,Apartment,8.0,90.0,150,Back Bay,Boston
409,KW4349,California,2,1,Apartment,4.0,98.0,100,Venice,Los Angeles
410,ZX9794,California,2,1,House,44.0,100.0,155,Mid-Wilshire,Los Angeles
411,WL3940,Illinois,4,2,Apartment,19.0,89.0,119,Hyde Park,Chicago
412,DE2004,California,3,1,House,79.0,98.0,64,Boyle Heights,Los Angeles
413,EK6468,California,5,3,Apartment,2.0,99.0,138,West Hollywood,Los Angeles
414,EH4553,California,1,1,Apartment,6.0,89.0,59,Mission District,San Francisco
415,XK8818,Illinois,4,2,Apartment,10.0,91.0,125,Rogers Park,Chicago
416,OI6493,Massachusetts,4,1,Apartment,16.0,94.0,150,Back Bay,Boston
417,DP9054,California,2,1,Apartment,19.0,88.0,125,Hollywood,Los Angeles
418,DZ3129,California,2,1,Apartment,10.0,96.0,126,Brentwood,Los Angeles
419,QL3345,California,4,1,Apartment,52.0,96.0,177,Downtown,Los Angeles
420,UC3651,Massachusetts,2,1,Apartment,1.0,100.0,115,Allston-Brighton,Boston
421,CC5669,Massachusetts,2,1,Apartment,22.0,99.0,98,Downtown Crossing,Boston
422,GW3917,Illinois,4,1,Apartment,1.0,100.0,64,Humboldt Park,Chicago
423,SK3939,California,10,6,House,82.0,82.0,198,Torrance,Los Angeles
424,VL3851,Illinois,4,2,Apartment,6.0,100.0,59,Gold Coast,Chicago
425,KQ7760,California,2,2,Apartment,3.0,99.0,79,Mid-Wilshire,Los Angeles
426,OD4038,California,2,1,Apartment,173.0,97.0,104,Presidio,San Francisco
427,TJ9293,California,4,1,Apartment,2.0,90.0,135,Torrance,Los Angeles
428,OD4237,California,2,1,House,12.0,97.0,76,El Segundo,Los Angeles
429,RS6949,California,2,1,House,52.0,98.0,119,Glen Park,San Francisco
430,NF1849,Massachusetts,5,2,Apartment,4.0,93.0,177,Back Bay,Boston
431,RR4859,California,2,1,Apartment,3.0,87.0,135,West Los Angeles,Los Angeles
432,RA7225,Illinois,2,1,Apartment,13.0,89.0,70,Uptown,Chicago
433,UV1980,Massachusetts,4,2,Apartment,3.0,79.0,195,Fenway/Kenmore,Boston
434,FK1418,California,2,1,House,64.0,96.0,70,San Pedro,Los Angeles
435,IT1593,Massachusetts,1,1,Apartment,2.0,100.0,64,Fenway/Kenmore,Boston
436,TP6054,Massachusetts,6,3,Apartment,24.0,95.0,128,Roxbury,Boston
437,PY4128,California,6,3,House,56.0,84.0,175,Mid-Wilshire,Los Angeles
438,SF4556,Massachusetts,4,2,Apartment,3.0,99.0,85,Chinatown,Boston
439,JX3709,California,4,3,Apartment,13.0,97.0,164,Long Beach,Los Angeles
440,EK7778,California,4,1,House,14.0,97.0,98,Redondo Beach,Los Angeles
441,CO7759,Massachusetts,2,1,House,146.0,93.0,69,South Boston,Boston
443,TJ1053,California,2,1,House,25.0,91.0,125,Alamo Square,San Francisco
444,FF5853,Massachusetts,2,2,House,30.0,88.0,98,Allston-Brighton,Boston
445,FS8844,California,2,1,Apartment,19.0,96.0,115,Downtown,San Francisco
446,BT3164,Illinois,2,1,Apartment,4.0,95.0,119,Humboldt Park,Chicago
447,RJ9846,Illinois,4,1,Apartment,18.0,94.0,149,Loop,Chicago
449,FL3152,Illinois,4,2,Apartment,3.0,87.0,109,Loop,Chicago
450,GJ5873,Massachusetts,6,3,Apartment,52.0,97.0,149,North End,Boston
451,DT4158,Illinois,2,1,Condominium,10.0,99.0,69,Logan Square,Chicago
452,LN3479,California,2,2,Apartment,25.0,97.0,91,East Hollywood,Los Angeles
453,PJ7285,Illinois,3,1,Apartment,33.0,97.0,79,Boystown,Chicago
454,DN8123,California,2,1,Cabin,55.0,92.0,110,Laurel Canyon,Los Angeles
455,GN7672,Illinois,2,1,Condominium,23.0,97.0,76,Uptown,Chicago
456,VZ3018,Massachusetts,2,1,Apartment,2.0,99.0,62,Jamaica Plain,Boston
457,QP5542,Massachusetts,2,1,House,329.0,86.0,100,East Boston,Boston
458,JO4931,Massachusetts,3,2,Apartment,9.0,89.0,128,Downtown Crossing,Boston
459,CW5291,California,2,1,Apartment,1.0,99.0,119,Civic Center,San Francisco
460,UM9871,Massachusetts,1,1,House,40.0,89.0,98,Back Bay,Boston
461,DV3941,California,2,1,Guesthouse,86.0,93.0,129,Mid-Wilshire,Los Angeles
462,RU4360,Illinois,4,2,Apartment,38.0,93.0,127,Wicker Park,Chicago
463,FC8427,Illinois,4,2,Apartment,9.0,95.0,128,Lincoln Park,Chicago
464,EL4129,Massachusetts,2,2,Apartment,2.0,60.0,69,Roxbury,Boston
465,YQ9488,Massachusetts,1,1,House,68.0,97.0,105,South Boston,Boston
466,YQ8014,Massachusetts,3,2,Apartment,4.0,100.0,129,Fenway/Kenmore,Boston
467,JJ4265,Massachusetts,4,3,Apartment,226.0,87.0,115,Dorchester,Boston
468,HF6260,California,2,1,Apartment,26.0,99.0,74,West Hollywood,Los Angeles
469,HB6896,Illinois,2,1,Apartment,10.0,93.0,41,Lakeview,Chicago
470,KZ1671,California,2,1,Apartment,102.0,91.0,109,Santa Monica,Los Angeles
471,BR7193,California,2,1,Apartment,38.0,98.0,74,Hollywood Hills,Los Angeles
472,LS9255,California,3,1,Apartment,2.0,90.0,100,Westwood,Los Angeles
473,RO7191,Illinois,4,2,Apartment,21.0,97.0,115,Wrigleyville,Chicago
474,BV3279,California,4,2,House,39.0,96.0,195,Del Rey,Los Angeles
475,RP7516,Massachusetts,4,2,Condominium,39.0,92.0,159,South End,Boston
476,BY7562,Massachusetts,2,1,Apartment,6.0,97.0,100,Jamaica Plain,Boston
477,XW1925,California,4,3,Apartment,1.0,100.0,98,Westlake,Los Angeles
478,BG8077,Illinois,2,1,Apartment,76.0,99.0,48,Wrigleyville,Chicago
479,BR2480,Illinois,2,1,Apartment,24.0,92.0,64,West Town/Noble Square,Chicago
480,TJ8008,California,2,1,Apartment,2.0,100.0,100,Silver Lake,Los Angeles
481,KZ3473,Massachusetts,2,1,House,37.0,93.0,110,Jamaica Plain,Boston
482,TC1202,Illinois,5,2,Apartment,42.0,97.0,169,Bucktown,Chicago
483,DT7557,California,5,1,Condominium,46.0,94.0,127,Downtown,Los Angeles
484,NL4585,Massachusetts,2,1,House,66.0,90.0,119,Allston-Brighton,Boston
485,LE7409,California,4,3,House,15.0,100.0,100,Los Feliz,Los Angeles
486,AV3392,Massachusetts,5,2,Apartment,12.0,98.0,150,Fenway/Kenmore,Boston
487,FT6599,Massachusetts,4,1,House,2.0,100.0,125,West Roxbury,Boston
488,GY2506,Massachusetts,2,1,Apartment,38.0,99.0,175,South Boston,Boston
489,ZT5326,California,4,2,House,29.0,97.0,150,Hermosa Beach,Los Angeles
490,VA1941,Massachusetts,2,1,Apartment,1.0,99.0,100,South Boston,Boston
491,NK5610,Illinois,6,3,Apartment,27.0,95.0,100,Logan Square,Chicago
492,ES7972,Massachusetts,2,1,Apartment,3.0,99.0,139,Fenway/Kenmore,Boston
494,YD6612,California,4,3,Apartment,28.0,96.0,125,Ingleside,San Francisco
495,ML7109,California,2,1,Apartment,197.0,96.0,125,Ingleside,San Francisco
496,UD8253,Massachusetts,3,1,Apartment,1.0,100.0,124,Fenway/Kenmore,Boston
497,MY2186,Massachusetts,2,1,Apartment,1.0,80.0,132,South Boston,Boston
498,NW1547,California,2,2,Bed & Breakfast,135.0,86.0,74,Culver City,Los Angeles
499,TT1073,Massachusetts,2,1,House,116.0,93.0,59,Roxbury,Boston
500,AL7285,California,2,1,Guesthouse,11.0,84.0,59,Visitacion Valley,San Francisco
501,WE8338,Illinois,3,1,Apartment,19.0,97.0,100,Lincoln Park,Chicago
502,QN1297,California,2,1,Bed & Breakfast,152.0,99.0,104,Westside,Los Angeles
503,NI8968,Massachusetts,2,1,Condominium,2.0,99.0,139,Back Bay,Boston
504,CG5924,California,4,2,Apartment,36.0,94.0,139,West Hollywood,Los Angeles
505,CC3288,California,2,1,House,7.0,96.0,70,Silver Lake,Los Angeles
506,ER9850,California,2,1,House,66.0,95.0,100,Westside,Los Angeles
507,SH7429,California,4,2,Apartment,58.0,99.0,190,Mission District,San Francisco
508,BI5135,Illinois,4,2,Condominium,37.0,94.0,147,Ukrainian Village,Chicago
509,FL8660,Massachusetts,1,1,Apartment,7.0,94.0,53,Allston-Brighton,Boston
510,JD2679,California,4,2,Guesthouse,1.0,100.0,149,Studio City,Los Angeles
511,YW6198,California,4,2,House,178.0,95.0,100,Mid-Wilshire,Los Angeles
512,AT6016,California,1,1,Apartment,4.0,65.0,104,Westwood,Los Angeles
513,IU8070,California,2,1,In-law,167.0,92.0,144,Noe Valley,San Francisco
514,AS5102,Illinois,2,1,House,111.0,97.0,54,Little Village,Chicago
515,HE5037,California,2,1,House,23.0,97.0,119,Noe Valley,San Francisco
516,RW2361,California,2,1,House,14.0,89.0,74,Long Beach,Los Angeles
517,RI8091,California,3,1,House,90.0,90.0,64,Mar Vista,Los Angeles
518,RK1171,Massachusetts,4,2,Apartment,5.0,93.0,199,South End,Boston
519,EK1497,Massachusetts,2,1,Condominium,17.0,98.0,135,South Boston,Boston
520,SO8767,Illinois,4,2,Condominium,4.0,98.0,119,Ukrainian Village,Chicago
521,DW2170,Illinois,1,1,Apartment,3.0,100.0,59,Bronzeville,Chicago
522,IP1265,California,1,1,Apartment,1.0,98.0,100,SoMa,San Francisco
523,FJ4847,Massachusetts,4,2,Apartment,21.0,95.0,128,Downtown Crossing,Boston
524,PS6026,Massachusetts,2,1,Condominium,3.0,99.0,139,West End,Boston
525,TK2242,California,2,1,Apartment,4.0,100.0,119,Studio City,Los Angeles
526,AF1699,California,2,1,Townhouse,30.0,97.0,79,Long Beach,Los Angeles
527,QO8555,California,7,4,House,1.0,79.0,199,Excelsior,San Francisco
528,WG7092,California,2,1,Apartment,158.0,96.0,59,Del Rey,Los Angeles
529,ZY4976,Illinois,4,2,Apartment,41.0,96.0,81,Lakeview,Chicago
530,GK3705,Massachusetts,16,7,House,130.0,94.0,199,Roslindale,Boston
531,VE5536,Massachusetts,1,1,Apartment,1.0,80.0,98,Fenway/Kenmore,Boston
532,RH4328,California,4,2,Apartment,7.0,100.0,150,West Hollywood,Los Angeles
533,OA6888,California,2,1,Apartment,4.0,99.0,115,SoMa,San Francisco
534,DC4208,Illinois,5,3,House,0.0,94.0,100,Little Italy/UIC,Chicago
535,RV5167,California,2,1,House,3.0,93.0,74,Outer Sunset,San Francisco
536,DY4174,California,4,2,Apartment,100.0,92.0,103,SoMa,San Francisco
537,FA2484,Illinois,2,1,Apartment,102.0,94.0,48,Wicker Park,Chicago
538,YO1771,Massachusetts,2,1,Apartment,10.0,87.0,199,South End,Boston
539,ZO6469,Illinois,4,2,House,11.0,94.0,128,Austin,Chicago
540,CB2960,Illinois,8,5,Apartment,39.0,99.0,110,Jefferson Park,Chicago
542,GW5998,Massachusetts,1,1,Apartment,3.0,96.0,108,Beacon Hill,Boston
543,TR3561,Massachusetts,2,1,Apartment,51.0,95.0,173,South End,Boston
544,VU2547,California,2,1,Apartment,1.0,100.0,104,Hollywood,Los Angeles
545,TS5424,California,2,1,Apartment,14.0,95.0,100,Beverly Hills,Los Angeles
546,IE7576,Illinois,1,1,House,0.0,94.0,50,South Chicago,Chicago
547,IP3269,California,2,1,Apartment,2.0,99.0,139,Hollywood,Los Angeles
548,TD5986,Illinois,2,1,Condominium,27.0,100.0,54,West Ridge,Chicago
549,KR2586,Illinois,2,1,House,10.0,91.0,59,Auburn Gresham,Chicago
550,RM5265,Massachusetts,3,1,Condominium,124.0,98.0,95,South End,Boston
551,EE7495,California,2,1,Apartment,2.0,100.0,125,Brentwood,Los Angeles
552,DY9962,California,1,1,Condominium,0.0,94.0,85,Valley Village,Los Angeles
553,RS2610,Massachusetts,1,1,Apartment,6.0,96.0,100,Roxbury,Boston
554,OO3410,California,2,1,Apartment,162.0,96.0,128,Silver Lake,Los Angeles
555,NI3228,California,4,2,Apartment,27.0,92.0,122,East Hollywood,Los Angeles
556,VF3688,Massachusetts,2,2,Apartment,3.0,93.0,78,Jamaica Plain,Boston
557,VV8092,California,2,1,House,10.0,97.0,55,Mission District,San Francisco
558,HQ8949,Illinois,2,1,Apartment,15.0,98.0,103,Andersonville,Chicago
559,HY7084,Massachusetts,4,2,Apartment,167.0,93.0,184,South End,Boston
560,MU2939,California,3,2,Bungalow,44.0,97.0,124,Bel Air/Beverly Crest,Los Angeles
561,II8565,Massachusetts,2,1,Apartment,8.0,90.0,52,Allston-Brighton,Boston
562,VJ3482,Illinois,2,1,Apartment,25.0,82.0,48,Logan Square,Chicago
563,BS3036,Illinois,2,1,Condominium,16.0,100.0,59,Irving Park,Chicago
564,HD3819,Massachusetts,2,1,House,52.0,97.0,100,Dorchester,Boston
565,BM4661,Massachusetts,2,1,Apartment,1.0,97.0,139,South End,Boston
566,VO5789,Illinois,2,1,Townhouse,78.0,99.0,100,River West,Chicago
567,PY1639,California,2,1,Townhouse,2.0,100.0,103,West Los Angeles,Los Angeles
568,IK8239,Illinois,4,2,Apartment,20.0,99.0,195,Logan Square,Chicago
569,ZG6743,Illinois,6,2,Apartment,47.0,97.0,160,Pilsen,Chicago
570,GJ4226,Illinois,2,1,Loft,14.0,99.0,100,Little Italy/UIC,Chicago
571,IW1831,Massachusetts,2,1,Apartment,220.0,97.0,50,Jamaica Plain,Boston
572,AE2981,Massachusetts,4,2,Apartment,3.0,90.0,179,Downtown Crossing,Boston
573,SS3116,Illinois,4,1,Apartment,5.0,97.0,139,Wrigleyville,Chicago
574,HH4131,Illinois,2,1,House,27.0,98.0,41,Norwood Park,Chicago
575,MO1631,California,2,1,Loft,18.0,90.0,64,Mid-Wilshire,Los Angeles
576,ZE5306,Illinois,4,1,Apartment,30.0,97.0,125,Lakeview,Chicago
577,LA8751,California,2,1,House,263.0,96.0,59,Highland Park,Los Angeles
578,TL9265,California,2,2,House,9.0,97.0,135,Venice,Los Angeles
579,NI7674,California,2,1,House,76.0,93.0,104,West Hollywood,Los Angeles
580,SS9555,California,6,3,House,3.0,92.0,110,Pasadena,Los Angeles
581,SM2325,California,2,1,Apartment,9.0,98.0,95,Mar Vista,Los Angeles
582,UI8490,Illinois,2,1,Apartment,40.0,98.0,150,Humboldt Park,Chicago
583,TT4738,California,3,2,Other,31.0,92.0,115,Venice,Los Angeles
584,TK3034,California,2,1,House,54.0,96.0,125,Venice,Los Angeles
585,RN2875,Illinois,6,2,Apartment,23.0,92.0,150,Lakeview,Chicago
586,UW2000,California,8,1,Other,0.0,94.0,169,South LA,Los Angeles
587,JG9139,Massachusetts,4,2,Apartment,105.0,96.0,79,South End,Boston
588,TJ9932,Illinois,4,2,Apartment,4.0,93.0,125,West Town/Noble Square,Chicago
589,OB4468,California,4,1,House,12.0,100.0,133,Venice,Los Angeles
590,QS1438,Illinois,4,2,Apartment,6.0,97.0,79,Edgewater,Chicago
591,GE6066,California,2,1,House,21.0,98.0,119,Pacific Palisades,Los Angeles
592,SS3365,California,2,1,Condominium,14.0,98.0,119,Western Addition/NOPA,San Francisco
593,GI3103,California,5,2,Apartment,23.0,90.0,139,Glendale,Los Angeles
594,VM7350,Illinois,2,1,Apartment,0.0,94.0,46,Little Italy/UIC,Chicago
595,NC2181,Illinois,3,2,Apartment,92.0,90.0,169,Streeterville,Chicago
596,HI4266,Illinois,2,1,Apartment,21.0,86.0,95,Logan Square,Chicago
597,CP6012,California,4,2,Condominium,28.0,95.0,137,Venice,Los Angeles
598,RH7888,California,5,3,Apartment,3.0,100.0,150,Hayes Valley,San Francisco
599,LO9691,California,2,1,Apartment,97.0,94.0,125,Mid-Wilshire,Los Angeles
600,IP8102,Illinois,6,4,House,59.0,95.0,144,Uptown,Chicago
601,BZ3596,Illinois,2,1,House,30.0,89.0,119,Lakeview,Chicago
602,GY8092,California,2,1,House,15.0,96.0,79,Outer Sunset,San Francisco
603,PI7124,Massachusetts,6,3,Apartment,43.0,91.0,149,North End,Boston
604,BV4439,California,2,1,Apartment,96.0,92.0,124,Potrero Hill,San Francisco
605,RL1986,California,3,1,Apartment,20.0,94.0,124,Hollywood Hills,Los Angeles
606,BX9112,California,4,2,Apartment,118.0,93.0,100,Hollywood,Los Angeles
607,LK2707,Massachusetts,4,2,Apartment,15.0,99.0,198,Back Bay,Boston
608,XP1905,California,9,4,House,46.0,86.0,149,Hawthorne,Los Angeles
609,YN6557,Illinois,4,2,Apartment,10.0,100.0,70,Jefferson Park,Chicago
610,WB9012,California,3,1,Condominium,32.0,94.0,199,Santa Monica,Los Angeles
611,ZV6226,Illinois,4,2,Apartment,33.0,96.0,188,Uptown,Chicago
612,UG1694,Illinois,4,2,Apartment,1.0,79.0,100,Rogers Park,Chicago
613,MV3164,California,2,2,Condominium,3.0,100.0,159,Mission District,San Francisco
614,MN2674,California,2,1,House,100.0,98.0,199,Mission District,San Francisco
615,HI6065,California,2,1,Apartment,8.0,94.0,139,Twin Peaks,San Francisco
616,IL6945,California,2,1,Apartment,11.0,98.0,74,Mid-Wilshire,Los Angeles
617,OH8881,Massachusetts,4,2,House,1.0,98.0,129,East Boston,Boston
618,JB1517,Massachusetts,2,1,House,45.0,96.0,68,Allston-Brighton,Boston
619,RY4487,California,4,2,Apartment,11.0,98.0,139,Hollywood,Los Angeles
620,UF3937,California,2,1,Apartment,1.0,100.0,110,Beverly Hills,Los Angeles
621,DM6667,Massachusetts,4,2,Apartment,26.0,92.0,109,Chinatown,Boston
622,TL4390,Massachusetts,6,3,Apartment,3.0,100.0,149,North End,Boston
623,ER2572,Massachusetts,4,2,House,49.0,86.0,139,Allston-Brighton,Boston
624,YO2145,California,2,1,Apartment,44.0,94.0,119,Parkside,San Francisco
625,AF3887,California,2,1,House,35.0,99.0,115,Pasadena,Los Angeles
626,II3244,California,2,1,House,14.0,91.0,150,Noe Valley,San Francisco
627,OD8356,California,3,1,Apartment,91.0,91.0,133,Long Beach,Los Angeles
628,TN4715,Illinois,2,1,Condominium,147.0,94.0,115,River North,Chicago
629,YD4452,Massachusetts,2,1,Apartment,50.0,94.0,150,Charlestown,Boston
630,US7584,California,1,1,Apartment,60.0,94.0,79,West Hollywood,Los Angeles
631,TY7657,California,4,2,House,44.0,96.0,175,Topanga,Los Angeles
632,NH9205,California,4,2,Apartment,0.0,94.0,100,El Segundo,Los Angeles
633,WH5904,Illinois,4,2,Apartment,2.0,80.0,129,Bridgeport,Chicago
634,MZ7426,Massachusetts,2,1,Other,4.0,94.0,79,Roxbury,Boston
635,FE9007,Massachusetts,3,2,Apartment,15.0,93.0,128,Downtown Crossing,Boston
636,ZH9116,Illinois,4,2,Apartment,31.0,92.0,160,Pilsen,Chicago
637,PV7798,Massachusetts,3,2,Condominium,16.0,98.0,149,South End,Boston
638,UU5467,Illinois,8,4,Apartment,13.0,93.0,139,Wrigleyville,Chicago
639,EG1574,Illinois,4,2,Apartment,14.0,92.0,110,River North,Chicago
640,SA2332,California,16,1,House,1.0,100.0,199,Hollywood,Los Angeles
641,SH5853,Massachusetts,2,1,House,3.0,89.0,139,West Roxbury,Boston
642,LD8275,California,4,1,Apartment,9.0,91.0,125,North Hollywood,Los Angeles
643,WW2405,Massachusetts,4,2,Condominium,59.0,99.0,119,East Boston,Boston
644,QA7175,Illinois,6,3,Apartment,19.0,91.0,109,Lakeview,Chicago
645,QW4384,California,2,1,Apartment,8.0,98.0,98,Potrero Hill,San Francisco
646,TG4403,California,4,2,House,17.0,100.0,125,Topanga,Los Angeles
647,XR8809,Massachusetts,2,2,Apartment,9.0,97.0,89,Theater District,Boston
648,FP9471,California,2,1,Other,34.0,97.0,98,Northridge,Los Angeles
649,FH1083,Illinois,8,4,Apartment,105.0,96.0,115,Avondale,Chicago
650,KF1563,Massachusetts,4,3,Apartment,10.0,84.0,117,Jamaica Plain,Boston
651,YS8388,California,2,1,Apartment,17.0,85.0,56,South Robertson,Los Angeles
652,YI2593,California,2,1,Apartment,25.0,97.0,164,Nob Hill,San Francisco
653,EH9822,Illinois,2,1,House,15.0,98.0,74,West Town/Noble Square,Chicago
654,TJ2269,Massachusetts,2,1,Apartment,4.0,79.0,125,Roxbury,Boston
655,NX5053,California,2,1,House,185.0,96.0,155,Duboce Triangle,San Francisco
656,DM2646,Illinois,8,3,Loft,61.0,94.0,133,Old Town,Chicago
657,FG5631,California,2,1,House,1.0,99.0,104,Torrance,Los Angeles
658,ZD2380,Massachusetts,4,2,Apartment,4.0,74.0,169,East Boston,Boston
659,DM9474,California,2,1,Apartment,7.0,94.0,85,SoMa,San Francisco
660,NO2037,California,2,1,Apartment,9.0,92.0,119,Long Beach,Los Angeles
661,UZ7284,Illinois,2,1,Apartment,63.0,96.0,62,Bronzeville,Chicago
662,AY4782,California,3,2,Apartment,525.0,98.0,139,Mission District,San Francisco
663,PU9653,California,4,2,House,17.0,99.0,164,West Hollywood,Los Angeles
664,WU1572,California,7,3,Apartment,71.0,92.0,100,Hollywood Hills,Los Angeles
665,UT2755,Massachusetts,2,1,Apartment,7.0,96.0,160,Fenway/Kenmore,Boston
666,ZR8194,Illinois,4,2,Apartment,8.0,100.0,98,Lakeview,Chicago
667,NP6990,Massachusetts,2,1,House,40.0,97.0,59,West Roxbury,Boston
668,JA8584,Massachusetts,2,1,Apartment,1.0,100.0,197,Beacon Hill,Boston
669,JE8565,California,1,1,House,24.0,93.0,46,Valley Glen,Los Angeles
670,HM8008,Illinois,8,3,Apartment,131.0,94.0,129,Ukrainian Village,Chicago
671,YJ2486,California,2,1,House,33.0,97.0,46,Woodland Hills/Warner Center,Los Angeles
672,KO1076,Illinois,2,1,Apartment,4.0,92.0,175,Near North Side,Chicago
673,LV9092,Illinois,2,1,Apartment,2.0,100.0,88,Humboldt Park,Chicago
674,DR8379,California,5,3,House,98.0,97.0,125,Carson,Los Angeles
675,WU7607,Massachusetts,2,1,Apartment,22.0,98.0,98,South End,Boston
676,LH6030,Massachusetts,3,2,Apartment,2.0,100.0,125,Dorchester,Boston
677,IT3784,Massachusetts,2,1,House,356.0,90.0,104,East Boston,Boston
678,GR9071,Illinois,5,2,Apartment,3.0,87.0,149,Wicker Park,Chicago
679,ZM5980,Massachusetts,5,3,Apartment,145.0,98.0,139,Jamaica Plain,Boston
680,NK5195,Illinois,4,2,Condominium,42.0,96.0,122,Lincoln Park,Chicago
681,LE9861,Massachusetts,2,1,Condominium,21.0,98.0,128,South End,Boston
682,YL2411,Massachusetts,2,1,Apartment,12.0,100.0,149,Allston-Brighton,Boston
683,FV3532,California,1,1,Condominium,1.0,80.0,125,Marina,San Francisco
684,AO3454,Massachusetts,2,1,Apartment,3.0,90.0,48,Mattapan,Boston
685,ST4478,California,2,1,Apartment,32.0,90.0,110,Mid-Wilshire,Los Angeles
686,ZL4390,California,3,2,Apartment,47.0,97.0,119,Burbank,Los Angeles
687,PL2520,Illinois,2,1,Apartment,21.0,93.0,119,Loop,Chicago
688,MJ8802,California,3,1,Condominium,1.0,100.0,98,Marina Del Rey,Los Angeles
689,CW2210,California,2,1,Apartment,11.0,98.0,115,Echo Park,Los Angeles
690,IQ4844,California,2,1,Apartment,16.0,87.0,69,East Hollywood,Los Angeles
691,IR1844,Massachusetts,5,4,Apartment,5.0,82.0,119,Allston-Brighton,Boston
692,TC9537,Illinois,4,2,Apartment,2.0,100.0,128,Old Town,Chicago
693,IH9457,Massachusetts,2,1,House,153.0,93.0,122,South Boston,Boston
694,CJ5335,California,2,1,House,63.0,90.0,55,Mar Vista,Los Angeles
695,CJ1310,Illinois,6,3,House,53.0,96.0,122,West Town/Noble Square,Chicago
696,HU4579,Massachusetts,3,1,Condominium,24.0,92.0,108,South Boston,Boston
697,RP1611,California,3,1,Apartment,39.0,94.0,175,Venice,Los Angeles
698,JV8487,California,2,1,House,11.0,98.0,125,Bernal Heights,San Francisco
699,WE7914,California,2,1,House,19.0,99.0,122,Balboa Terrace,San Francisco
700,LG6908,California,2,1,Apartment,3.0,97.0,195,Financial District,San Francisco
701,TJ3988,California,6,3,House,5.0,100.0,188,Arcadia,Los Angeles
702,HR9207,Massachusetts,2,1,Apartment,22.0,96.0,125,East Boston,Boston
703,VM9239,Illinois,4,1,Apartment,11.0,96.0,139,Lincoln Park,Chicago
704,GY7214,California,6,4,Apartment,7.0,93.0,74,Sherman Oaks,Los Angeles
705,QH8329,California,2,1,Apartment,4.0,98.0,190,Marina Del Rey,Los Angeles
706,RJ4302,California,4,1,Other,21.0,99.0,139,Noe Valley,San Francisco
707,WQ9969,Massachusetts,2,2,House,1.0,100.0,125,Jamaica Plain,Boston
708,XG3289,California,2,1,Apartment,60.0,97.0,150,Venice,Los Angeles
709,ZR5298,California,4,2,Apartment,3.0,93.0,100,Mid-Wilshire,Los Angeles
710,XZ5531,California,2,1,Bungalow,3.0,90.0,100,Redondo Beach,Los Angeles
711,EE8333,Illinois,2,1,House,15.0,80.0,115,Lakeview,Chicago
712,AA6024,Massachusetts,3,1,Apartment,61.0,95.0,115,East Boston,Boston
